{"count":1,"self":44.6080192,"total":154.68642839999998,"children":{"InitializeActuators":{"count":48,"self":0.0011014,"total":0.0011014,"children":null},"InitializeSensors":{"count":48,"self":0.0029982,"total":0.0029982,"children":null},"AgentSendState":{"count":9784,"self":8.7623216,"total":12.0189126,"children":{"CollectObservations":{"count":93936,"self":0.0709886,"total":0.0709886,"children":null},"WriteActionMask":{"count":93936,"self":0.0529144,"total":0.0529144,"children":null},"RequestDecision":{"count":93936,"self":0.6026003,"total":3.132688,"children":{"AgentInfo.ToProto":{"count":93936,"self":0.26722429999999997,"total":2.5300876999999997,"children":{"GenerateSensorData":{"count":93936,"self":1.5304662999999998,"total":2.2628634,"children":{"RayPerceptionSensor.Perceive":{"count":187872,"self":0.73239709999999991,"total":0.73239709999999991,"children":null}}}}}}}}},"DecideAction":{"count":9784,"self":95.573491199999992,"total":95.5734935,"children":null},"AgentAct":{"count":9784,"self":2.415494,"total":2.436435,"children":{"AgentInfo.ToProto":{"count":468,"self":0.0028864999999999997,"total":0.020940999999999998,"children":{"GenerateSensorData":{"count":468,"self":0.0121119,"total":0.018054499999999998,"children":{"RayPerceptionSensor.Perceive":{"count":936,"self":0.0059426,"total":0.0059426,"children":null}}}}}}},"AgentInfo.ToProto":{"count":655,"self":0.0060114,"total":0.044468999999999995,"children":{"GenerateSensorData":{"count":655,"self":0.031461699999999995,"total":0.0384576,"children":{"RayPerceptionSensor.Perceive":{"count":1310,"self":0.0069958999999999993,"total":0.0069958999999999993,"children":null}}}}}},"gauges":{"Shooter.CumulativeReward":{"count":1123,"max":2.43658924,"min":-4.792038,"runningAverage":-0.4578701,"value":-1.07484019,"weightedAverage":-0.06312199}},"metadata":{"timer_format_version":"0.1.0","start_time_seconds":"1669013563","unity_version":"2021.3.8f1","command_line_arguments":"C:\\Unity\\2021.3.8f1\\Editor\\Unity.exe -projectpath C:\\Unity\\Projects\\A.I.-Shooting-Game-ML-Agents-Unity-Example-master\\A.I. Shooting Game -useHub -hubIPC -cloudEnvironment production -licensingIpc LicenseClient-omarn -hubSessionId 291e2720-68d8-11ed-b561-654930ea0f7a -accessToken PfIf-i_aRZWvdXWR9C0VOzIp_Bgaoi5vAYWJtM9GJiM011f","communication_protocol_version":"1.5.0","com.unity.ml-agents_version":"2.0.0","scene_name":"Shooting","end_time_seconds":"1669013718"}}